ID,group,hrs,saa,FGF-2,Eotaxin,G-CSF,IL1a,GM-CSF,Fractalkine,IL-13,IL-5,IL-18,IL1B,IL-6,IL-17A,IL-2,IL-4,IL-12,IFNg,IL-8,IP-10,GRO,MCP-1,IL-10,TNFa,RANTES
283,LB40,0,0,10,10,11,12,10,10,9,24,20,25,28,11,22,26,8,31,43,24,12,8,41,21,15
283,LB40,0.5,0,10,10,14,12,10,11,9,25,20,27,29,11,24,27,8,31,121,25,12,8,43,22,16
283,LB40,1,0,11,10,12,12,10,10,9,29,22.5,29,33,11,27,31,8,37,146,26,13,8,50,25,16
283,LB40,2,0,10,10,12,12,10,11,9,25,21,27,29,11,24,27,8,32,152,27,13,8,46,23,15
283,LB40,4,0,11,10,14,13,11,12,10,23,19,25,27,12,22,23,9,27,154,27,13,9,38,20,16
283,LB40,8,0,9,9,11,12,10,10,9,22,16,24,24,11,19,22,8,26,28,25,13,8,40,19,15
283,LB40,24,70,10,9,15,12,9,10,9,25,19,26,26,10,22,25,7,30,54,21,13,8,39,21,15
283,LB40,48,182,11,10,13.5,12,10,11,9,22,19,24.5,27,11,21,24,8,27,147,27,13,8,38,19,16
283,LB40,72,169,10,9,11,11,10,10,9,22,18,24,25,11,20,23,7,27,151,24,12,8,37,18,15
RR,LB40,0,0,11,9,11,11,11.5,10,8,14,16,17,17,10,13,12,8,17,145,20,10,8,24,12,15
RR,LB40,0.5,0,11,9,10,11,11,10,9,13,16,22,18,11,13,12,8,16,160,18,10,8,23,13,15
RR,LB40,1,0,10,9,10,12,11,10,8,14,16,17,17,11,13,12,8,16,180,18,10,8,23,13,15
RR,LB40,2,0,12,10,11,13,12,11,10,15,16,18,18,12,14,13,8,17,174.5,20,11,9,23,14,16
RR,LB40,4,7,12,10,11,13,12,11,10,15,17,19,19,12,14,13,9,19,175,21,11,9,24,14,16
RR,LB40,8,0,10,8,10,12,10,9,8,13,16,19,17,10,13,12,7,18,172,22,9,7,29.5,13,14
RR,LB40,24,499,12,9,11,13,11,10,9,15,16,19,19,11,14,13,8,19,145,20,11,8,24,14,15
RR,LB40,48,891,11,9,10,11,10,10,8,13,15,17,17,11,12,12,7,17,190,18,12,8,22,12,15
RR,LB40,72,1279,10,8,10,11,10,10,8,13,14,16,16,10,12,12,8,17,167,17,10,7,21,12,14
1346,LB20,0,0,12,12,13,14,17,12,13,58,89,135,53,16,33,111,9,139,197,23,12,10,55,24,20
1346,LB20,0.5,0,12,11,14,14,16,12,12,55,82,129,51,16,32,106,9,134,131,22,12,11,53,23,20
1346,LB20,1,0,12,12,14,14,18,12,13,56,85,132,51,16,33,108,10,136,187,23,12,11,56,25,21
1346,LB20,2,0,14,12,15,15,18,13,13.5,61,91,141,57,17,35,115,10,144,220,24,13,12,59,26,22
1346,LB20,4,0,12,11,15,14,16,12,12,57,87.5,132,53,15,34,112,8,136,185.5,23,11,10,56,24,21
1346,LB20,8,0,12,11,14,13,15,12,12,56,84,133,52,16,33,108,9,136,187,22,11,10,58,23,20
1346,LB20,24,27,11,11,14,13,15,12,12,55,82,127,49,15,31,102,9,132,175,20.5,11,10,51,22,20
1346,LB20,48,82,12,11,13.5,13,16,12,12,58,86,133,53,16,33,111,9,137,201,22,11,10,55,23,20
1346,LB20,72,71,11,11,13,13,15,12,12,56,85,130,51,16,33,107,8,135.5,156,21,11,10,53,23,19
7299,LB20,0,0,13,11,15,15,15,13,11,43,58,63,33,56,23,74,9,112,235,28,17,11,35,20,20
7299,LB20,0.5,0,13,10,13,15,15,12,11,47,65,65,36,89,26,83,9,127,158,27,13,10,42,19,19
7299,LB20,1,0,12,10,13,14,14,12,11,45,64,61,33,47,24,78,9,109,220,24,14,10,37,17,18
7299,LB20,2,0,10,9,12,13,14,12,9,48,68,68,37,111,25,87,7,152,204,25,11,8,43,18,17
7299,LB20,4,0,12,11,13,15,15,14,11,55,71,79,42,117,29,98,9,173,211,29,13,10,52,21,19
7299,LB20,8,0,12,10,12.5,15,14,13,10,54,73,72,42,114,29,93,8,174.5,222,30,13,9,56,20,21
7299,LB20,24,340,12,10,13,15,16,13,11,51.5,71,73,41,103,27,90,9,198,221,25,13,10,49,20,20
7299,LB20,48,734,13,11,14,16,16,14,11,55,75,74,42,117,29,93,9,238,222,30,15,11,50,21,23
7299,LB20,72,1082,13,10.5,13,15,15,13,11,53,73,72,43,115,28,92,9,235,179,27,13,10,45,20,17
4169,LB20,0,0,13,10,14,13,13,11,9,42,56,56,64,11,38,39,11,72,316,19,12,9,62,36,19
4169,LB20,0.5,0,11,10,16,12,11,10,9,145.5,202,171,126.5,12,109,74,10,142,427,20,12,8,171,118,21
4169,LB20,1,0,11,9,15,12,10,10,8,152,210,168,141.5,10,116,81,10,127,457.5,19,11,8,192,133,20
4169,LB20,2,0,12,10,11,13,12,11,10,243,340,230,245.5,12,225,143.5,12,181,594,19.5,12,9,273.5,181,23
4169,LB20,4,0,12,9,11,13,11,10,9,268,365,239,259,11,232.5,155,11,190.5,621,17.5,12,8,295,201,23
4169,LB20,8,12,13,10,11,14,12,11,10,273,365,245.5,256,12,224,162,12,204,595,21,11,9,320,199,22
4169,LB20,24,194,15,15,19,19,16,20,15,198,185,202,186,19,182,199,15,193,282,208,17,13,174,166.5,22
4169,LB20,48,445,12,10,12,14,12,11,10,234,322,208,225,12,202,139,11,167.5,559,22,12,9,263,171,23
4169,LB20,72,176,12,10,11,13,11,10,10,245,340,217,235,12,227,141.5,10,182,495,22,11,9,254.5,178,21
1079,LB20,0,0,15,14,20,18,16,16,15,179.5,172,182.5,168,16,164,175,13,165,262,193,14,13,152,154,23
1079,LB20,0.5,0,12,12,18,16,14,15,13,142,145,148,137,13,133,149,11,137,268,175,13,11,125,123,19
1079,LB20,1,0,14,13,18,17,15,18,15.5,194.5,185,200,188,17,179,201,14,194,277,234,16,13,172,165,22
1079,LB20,2,0,14,13,19,18,16,17,16,215,201,218,201,17,205,222.5,14,212,304,239,15,13,187,179,22
1079,LB20,4,0,14.5,14,19,19,16,19,16,219,203,221,202,19,201.5,226,15,219,297,221,17,13,189,181,23
1079,LB20,8,0,15,14,20,19,16,19.5,17,220,205,220,204,18,207,223,15,213,284,231,16,13,199,185.5,23
1079,LB20,24,354,13,10,11,13,11,11,10,254,349,234,246,12,234,147,11,191,585.5,15,12,9,284,192,23
1079,LB20,48,700,15,14,19,20,17,18,16,208.5,206.5,216.5,200,17,195,214,14,197,289,216,16,13,186,173,22
1079,LB40,72,686,14,14,17,18,16,19,15,176,167,187,168,17,166,186,14,175,240,206,17,13,158,149,23
597,LB40,0,0,11,9,10,12,9,10,8,22,42,23,17,10,17,15,7,15,90,18,9,7,45,17,15
597,LB40,0.5,0,11,10,10,13,10,10,9,21,42.5,24,19,11,18,16,8,16,139,24,10,8,43,18,15
597,LB40,1,0,11,9,9,12,9,10,8,20,38,22,19,10,16,14,7,15,167,24,9,7,38.5,18,15
597,LB40,2,0,12,9,10,13,10,10,8,21,42,24,19,11,17,15,8,16,209,18,10,9,42,19,15
597,LB40,4,0,12,10,10,13,10,11,9,22,41,24,19,11,18,16,8,17,129,24,10,8,47,18,15
597,LB40,8,0,13,10,10,13,10,11,8,23,44,25,19,11,19,15,8,18,160,24,10,8,55,20,15
597,LB40,24,86,12,10,10,13,10,11,8,22,46,26,21,11,19,16,8,17,172.5,25,10,8,52,21,15
597,LB40,48,126,12,10,11,13,11,10,9,22,50,27,21,11,18,16,8,18,200,21,10,8,40,20,15
597,LB40,72,112,10,10,9,12,10,10,7,20,50,23.5,19,10,18,15,7,18,208,20,9,7,35,17,14
9372,LB40,0,0,12,9,10,11,12,10,8,17,16,21,16,10,13,15,7,15,44,16,10,8,33,13,14
9372,LB40,0.5,0,11,9,9,11,11,9,7,19,16,25,16,10,12,14,7,15,36,16,9,7,30,12,13
9372,LB40,1,0,12,9,10,11,11,9,8,16,16,21,17,10,13,14,8,15,168,13,10,8,28.5,13,14
9372,LB40,2,0,12,9,10,12,11,10,8,17,16,22,17,11,14,14,8,16,172,16,10,8,31,13,15
9372,LB40,4,0,11,9,11,11,12,10,8,16,15,26,17,11,14,14,8,15,22,11,10,8,30,13,13.5
9372,LB40,8,0,11,9,10,11,11.5,10,8,17,16,21,17,11,14,15,8,16,49,17,10,8,37,13,14
9372,LB40,24,78,13,10,12,12,12,10,8,18,17,22,18,11,14,15,8,16,137,19,11,8,34,13.5,14
9372,LB40,48,316,10,9,9.5,11,18,9,7,16,15,20,17,10,13,14,7,14,169,16,10,7,25,12,13
9372,LB40,72,180,10,9,9,11,12,9,7,17,15,20,16,10,13,14,7,15,163,16,9,7,25,12,13
8342,LB20,0,0,9,9,10,12,12,10,8,22,27,21,22,16,18,21,8,24,155,18,11,7,29,16,15
8342,LB20,0.5,0,10,9,10,12,13,11,9,22,26,30,22,16,17,20,9,23,159,19,11,8,30,16,16
8342,LB20,1,0,10,10,11,13,16,11,9,23,28,20,23,16,19,20,8,24,174,17,11,8,31,17,16
8342,LB20,2,0,11,10,11,12,12,11,8,22,22,20,19,17,15,18,8,22,179,18,11,8,28,15,15
8342,LB20,4,0,11,10,12,12,13,11,9,22,21,19,19,17,15,18,9,20,180,18,16,9,28,15,16
8342,LB20,8,0,11,10,11,13,13,12,9,22,25,20,21,16,17,20,9,24,188,19,14,9,33,16,17
8342,LB20,24,1568,9,9,10,11,11,10,8,20,23,18,18,17,15,18,7,20,138,20,9,7,28,14,15
8342,LB20,48,2192,9,9,10,12,11,10,8,20,22,19,20,16,16,19,8,22,176,19,20,7,26,15,15
8342,LB20,72,2682,10,9,10,11,12,10,8,19,23,19,18.5,17,15,17,8,19,193,19,10,8,24,14,15.5
PEG,LB20,0,0,15,11,10,15,13,11,9,26,20,30,22,11,16,21,7,22.5,126,69,10,8,33,17,19
PEG,LB20,0.5,0,18,11,11,17,15,11,9,25,22,30,23,11,16,20,7,23,212,55,30,8,34,19,18
PEG,LB20,1,0,14,11,11,15,12.5,11,9,24,19,27,19,11,15,19,8,21,172,67,11,9,30,16,19
PEG,LB20,2,0,14,9,9,15,11,10,8,20,16,27,18,10,13,18,6,20,139,52,19,7,29,15,14
PEG,LB20,4,275,13,9,9,14,11,10,8,21.5,15,26,17,10,13,17,6,20,46,63,9,7,31,15,14
PEG,LB20,8,0,17,11,11,17,15,12,9,25,19,31,22,12,15,21,7,24,121,57,10,8,44,21,15
PEG,LB20,24,56,16,10,11,17,13,11,8,22,17,26,21,11,13,19,7,21,146,47,17,7,31.5,18,15
PEG,LB20,48,486,13,10,12,15,12,11,9,21,17,28,19,12,14,19,7,21,91,58,10,8,31,15,15
PEG,LB20,72,747,16,10,10,16,13,11,9,21,16,25,20,11,13,18,6,20,136,53,12,7,29,18,14
8293,LB40,0,0,12,11,13,13,18,11,12,80,118.5,121,57,14,45,135,8,113,71,26,10,9,58,31,18
8293,LB40,0.5,0,12,11,14,13,18,12,14,98,135,128,61,15,49,150,8,123,125,29,11,9,61,34,19
8293,LB40,1,0,11,11,13,13,18,11,12,82,113.5,118.5,51,14,41,130,7,111,74,26,10,8.5,56,29,18
8293,LB40,2,0,11,11,13,12,19,11,13,79,114,121,49,14,40,135,7,117,124,26,11,9,55,29,18
8293,LB40,4,0,10,10,12,12,18,10,12,73,108,114,49,13,39,126,7,110,118,26,11,8,55,28,17
8293,LB40,8,0,12,11,13,13,18,11,12,81,120,124,55,14,46,135,7,116,61,28,10,9,64,33,18
8293,LB40,24,88,12,11,13,13,19,11,13,96,146,134,71,14,58,152,8,128,158,29,13,9,68,38,18
8293,LB40,48,0,11,10,13,12,18,11,12,81,114,123,52,14,42,133,8,114,66,26,10,9,57,29,18
8293,LB40,72,212,12.5,11,13,13,19,12,12,83,122,126,54,14,43,139,7,121,130,27,10,9,59,32,18
LIB,control,0,0,7,8,10,11,10,9,7,17,13,23,16,10,13,15,7,15,149,19,9,7,29,15,15
LIB,control,0.5,0,9,9,9,13,12,9,8,35,40,33,27,11,28,27,7,27,112,28,9,7,44.5,24,14
LIB,control,1,0,10,9,10,13,13,9,8,34,41,33,28,11,28,26,7,26.5,140,28,24,7,43,24,14
LIB,control,2,0,10,9,10,14,13,10,9,35,41,34,28,11,31,28,7,28,127,30,11,8,44,25,15
LIB,control,4,0,10,9,9.5,13,11,9,8,31,36,30,24,10,27,24,7,24,113,27,9,7,41,22,14
LIB,control,8,0,10,8,9,12,12,9,8,29,32,28,23,10,24,24,6,24,78,29,9,7,38,20,14
LIB,control,24,39,11,10,10.5,14,13,10,9,39,46,37,31,11,32,28,7,30,149,31,35,8,52,30,16
LIB,control,48,50,11,9,11,14,13,11,9,36,43,36,30,12,30.5,28,8,29,138,31,10,8,53,28,16
LIB,control,72,61,9,9,11,13,12,9,8,34,38,32,27,11,28,25.5,7,26,130,27,10,7,45,24,15
AB,LB40,0,1716,9,8,9,12,11,9,8,28,32,26,23,9,24,23.5,6,22,85,26,9,6,33,19,14
AB,LB40,0.5,2146,9,8,9,12,12,9,8,27,32,26,23,10,24,22,7,23,117,23,18,7,32,18,14
AB,LB40,1,1793,9,9,10,12,12,9,8,27,33,27,21,10,23,22,7,21,97,23,9,7,30,18,15
AB,LB40,2,1653,9,8,9,12,11,9,8,30,34,28,23,10,26,25,6,23,103,25,9,7,35,19,14.5
AB,LB40,4,2298,10,9,10,12,12,10,8,29,33,27,23,10,24,24,7,24,68,26,10,7,36,19,14
AB,LB40,8,2347,10,9,12,13,12,10,8,27,31,26,24,10,23,21,7,21,116,24,27,7,32,20,15
AB,LB40,24,1929,10,9,9,14,12,10,9,29,34,28,24,11,25,24,8,24,103,21,10,8,40,21,15
AB,LB40,48,2397,11,9,11,13,14,10,8,32,35,30,27,11,26,26,7,24,117,26,10,8,38,22.5,15
AB,LB40,72,2033,9,8,10,12,11.5,9,7,28,33,27,24,10,25,23,6,24,115,23,12,6,36,20,14
NEG,control,0,0,9,9,12,12,11,10,10,50,158,30.5,65,11,59,69,8,42,121,28,9,9,54,41,16
NEG,control,0.5,0,10,10,12,12,12,10.5,10,47,145,30,59,12,52.5,64,9,40,123,43,10,10,49,37,18
NEG,control,1,0,10,10,11.5,12,12,10,9,44,132,28,52,12,45,59,8,36,80,26,10,10,45,34,17
NEG,control,2,0,11,10,12,13,13,11,10,45,139,28,54,12,48,61,9,38,50,27,10,11,47,35,17
NEG,control,4,0,10,10,11,12,12,10,10,45,148,31,60,12,55,63,9,39,90,24,10,10,51,39,16
NEG,control,8,0,11,11,13,13,13,11,10,46,130,28,49,12,43,61,9,37,70,28.5,11,11,44,34,18
NEG,control,24,40,11,10,12,13,13,11,10,49,145,32,57,12,49,64,9,41,102,69,11,10,49,38,18
NEG,control,48,182,10,9,11,12,12,10,10,49,152,39,66,12,59,65,8,41,61,62,10,9,55,41,17
NEG,control,72,200,10,9,10,12,12,10,9,48,155,32,65,12,59,66,8,41,124,67,10,9,47,41,16
MAT,control,0,0,21,9,9,13,13,9,8,50,79,54,55,11,56,32,8,30,76,16,9,10,83,52,15
MAT,control,0.5,0,19,10,10,13,14,10,8,40,58.5,46,44.5,11,42,26,9,26,50,15,10,11,65,43,15
MAT,control,1,0,19,10,10,13,13,10,8.5,38,58,46,45,11,42,25,9,26,103,15,10,10,62,41,15
MAT,control,2,0,22,9,11,13,13,9,9,53,86,59,62,11,60,36,9,33,129,17,10,11,92,55,15
MAT,control,4,0,23,10,13,13,13,10,9,50,83,57,62,11.5,57,32,9,33,184,18,10,12,76.5,53,15
MAT,control,8,0,27,11,11,14,14,10,10,66,101,73,72,12,69,43,9,40,220,19,11,12,94.5,69,15
MAT,control,24,1089,27,9,11,14,13,9,9,62.5,94,66,74,11,68,44,8,44,190.5,18,10,10,122,64,15
MAT,control,48,2015,30,10,11,15,14,10,9,64,91.5,68,76,11,72,45,8.5,48,214,18,10,10,113.5,68,15
MAT,control,72,1482,30,9,10,15,13,10,8,69,102,71,86,11,79,50,8,47,243,22.5,10,12,120,72,15